Typ;ID;Cislo;Popis;Sirka1;PoziciaSirky1;Dlzka1;PoziciaDlzky1;Sirka2;PoziciaSirky2;Dlzka2;PoziciaDlzky2
N;0;19;N: jTAEsOtJIG;S;57.55;W;126.71;N;61.76;E;162.73
N;1;355;N: ntQdxBnPPu;N;35.29;E;157.99;S;85.52;E;148.75
N;2;453;N: GYWfMXxgeT;S;7.47;E;149.6;N;39.02;E;32.05
N;3;320;N: haUJkjLQrS;S;3.89;E;39.26;S;18.39;W;2.61
N;4;664;N: JXjwOhBtuF;N;20.88;E;140.42;N;11.63;E;141.25
N;5;561;N: knAGjDneWZ;N;80.54;E;7.38;N;5.23;W;139.45
N;6;218;N: fUbwHmHUtk;N;62.04;E;32.38;S;4.74;W;61.8
N;7;631;N: SsoWnIOJKw;N;76.58;E;73.52;N;12.64;E;98.8
N;8;221;N: KOhzSyeBcQ;N;44.3;E;156.24;N;4.1;E;153.78
N;9;48;N: xFkQORZZAc;N;48.21;W;166.3;S;52.94;E;37.37
N;10;894;N: YEJrxsCAGW;N;9.26;E;21.28;N;50.92;E;31.8
N;11;733;N: fmqGAxRvgY;N;13.01;E;154.94;S;37.95;W;52.65
N;12;901;N: QNgIFxKTJh;N;14.71;W;98.36;N;51.18;W;41.12
N;13;87;N: YaHCKfbPrv;N;79.94;W;115.01;S;36.95;W;113.52
N;14;576;N: XoAbELBpgf;N;32.08;E;11.47;N;23.09;W;54.53
N;15;670;N: bsOkNcdmMD;S;55.77;W;110.97;S;76.18;W;62.97
N;16;335;N: DfvxtKqSyo;S;40.41;E;106.92;N;52.9;W;78.01
N;17;245;N: kcyIBsHHjm;N;66.39;E;26.23;S;5.87;W;144.41
N;18;275;N: suTGYcALvw;S;10.37;W;48.74;N;46.48;W;122.55
N;19;948;N: hPBlrJsmGi;N;13.02;E;0.17;S;13.76;E;131.63
N;20;798;N: hGCIdWpHLo;N;7.23;E;168.83;N;62.66;E;23.59
N;21;746;N: NjfoHVciKi;S;32.93;E;106.19;S;84.07;W;71.38
N;22;816;N: IBClWzjzFG;S;44.86;W;88.47;N;15.56;W;164.95
N;23;28;N: EgmCkPIVld;N;55.09;E;174.62;N;67.97;E;78.39
N;24;347;N: dRZvHQsvJn;S;47.11;E;65.63;N;31.1;W;104.03
N;25;976;N: TxioGtcAQG;N;28.67;W;118.04;S;64.31;E;14.31
N;26;698;N: RCJwjgZwbk;N;48.99;W;54.09;N;37.9;E;26.92
N;27;336;N: tQJRqyWRBl;N;77.41;W;67.81;S;12.05;E;160.29
N;28;547;N: URTFsHKdtb;S;42.24;E;102.67;S;19.61;E;77.33
N;29;465;N: uACEnHXsrH;N;37.6;W;175.02;S;0.13;W;72.05
N;30;350;N: jMKkZdhOMM;N;13.42;W;6.09;S;76.15;W;37.17
N;31;526;N: umiMLnAIxx;N;87.88;W;115.7;S;9.43;E;94.24
N;32;336;N: kNLuHkYqiV;S;26.71;W;28.67;N;38.71;E;159.68
N;33;501;N: vjBrEyzVRm;S;34.28;E;77.17;S;51.63;E;142.35
N;34;237;N: zXEPwYKqIq;S;81.49;E;46.14;N;8.97;W;10.25
N;35;783;N: cvUDAvoZbs;N;32.22;E;94.14;S;23.25;E;16.96
N;36;689;N: pliNyOsvqn;N;83.76;W;61.27;S;25.8;W;137.56
N;37;70;N: JJjtFBgMVN;S;27.96;W;151.1;N;19.49;W;59.82
N;38;515;N: NzfVErzvcl;S;83.08;E;0.07;S;88.34;E;37.73
N;39;880;N: OttKFBvGxA;N;76.87;W;42.9;N;71.98;W;55.45
N;40;522;N: yFTlYrPesX;S;34.08;W;167.33;S;8.37;W;79.18
N;41;804;N: LkhGkjyYYp;N;6.73;W;124.12;S;49.34;W;111.73
N;42;665;N: eJeAcYyAyh;N;26.21;E;20.34;S;48.06;W;104.76
N;43;828;N: rllTLeFujj;S;72.6;E;138.43;S;86.32;W;30.31
N;44;134;N: pMdBoTUTEL;S;1.0;W;146.59;S;78.69;W;64.6
N;45;481;N: VqYizJIApt;S;16.66;W;104.76;N;56.41;E;15.43
N;46;402;N: zBbeEqTQVz;S;53.75;E;119.1;N;68.97;W;59.88
N;47;225;N: wKxfiPjdug;N;42.24;W;62.26;S;85.35;W;45.49
N;48;657;N: kQcMyIgBhF;S;6.33;W;52.82;N;25.79;W;52.64
N;49;943;N: sWHKqayqOz;S;77.61;W;133.99;S;83.58;E;158.37
N;50;395;N: wpCdrQBiIX;N;31.2;E;163.9;S;79.49;E;116.81
N;51;773;N: VsDkPDwuSR;S;68.27;W;53.17;N;55.18;W;168.44
N;52;409;N: ARfpxMSMSH;N;89.85;W;108.81;N;51.8;W;11.31
N;53;736;N: pEpqqzQXPM;N;46.03;W;49.72;N;23.69;W;85.82
N;54;419;N: rbqMstzZiQ;N;5.17;W;139.5;N;64.03;W;101.44
N;55;690;N: XVSzfKanQq;N;82.93;E;44.86;S;89.57;W;60.36
N;56;568;N: nMhKLGgJNs;N;45.33;W;80.67;N;48.94;W;33.7
N;57;144;N: spgBFvJObW;S;8.27;E;178.62;S;24.58;W;6.41
N;58;548;N: MnnsDLhBqu;N;19.54;E;172.86;N;80.36;E;28.5
N;59;813;N: EJXgyNbsMp;S;8.11;W;118.79;S;24.73;W;133.39
N;60;836;N: aYpEvYhPCT;S;28.13;W;66.01;S;48.43;W;32.19
N;61;895;N: toSPovmhVt;S;36.91;W;117.76;N;14.32;W;13.11
N;62;452;N: IyfybyDjuM;N;41.27;E;104.37;S;1.9;W;69.93
N;63;191;N: WYDNPwIspN;N;0.64;E;58.15;S;65.22;W;175.53
N;64;578;N: LPfivcTRPp;N;40.86;E;119.77;S;28.81;E;135.72
N;65;989;N: gJVUdqXPeE;S;83.34;E;64.08;N;44.75;E;120.76
N;66;275;N: IUwSGTGERp;N;31.49;E;7.5;S;67.01;W;67.48
N;67;351;N: MpwqzndOpd;S;28.76;E;48.97;S;81.25;E;81.16
N;68;959;N: DlOORSiokT;N;61.19;E;11.04;S;11.5;E;145.5
N;69;754;N: BPzFyPvZkq;N;11.28;W;0.25;S;87.59;E;161.82
N;70;542;N: xkywyINSEb;S;74.52;W;9.61;S;51.75;E;38.58
N;71;123;N: YRSZJJejLA;S;16.69;E;172.34;N;20.68;W;129.59
N;72;768;N: CYJWjHhivv;N;73.12;W;116.82;N;30.56;E;133.99
N;73;546;N: wdaoCoYoEW;N;42.38;E;13.87;N;66.99;W;74.24
N;74;88;N: PHVKnhhgre;S;70.36;W;51.2;N;6.64;W;61.92
N;75;545;N: elMnPdXdzQ;S;65.1;E;83.28;S;18.51;W;79.68
N;76;492;N: IriCcJIkUD;S;79.59;E;117.24;N;9.77;E;131.9
N;77;686;N: vyPjjayONc;S;3.59;W;174.62;N;60.48;E;37.41
N;78;709;N: yFXOBssFam;S;54.66;W;152.18;S;67.34;E;34.09
N;79;761;N: NYIzCLTxXs;N;48.87;W;36.07;S;78.04;E;143.07
N;80;11;N: FZzkczaqva;N;63.06;W;177.32;N;45.97;W;129.68
N;81;685;N: reAVRQQNjo;N;28.55;W;54.11;S;9.02;W;115.89
N;82;287;N: AKInGQQDyX;S;14.58;E;42.04;N;27.02;W;48.27
N;83;143;N: oVSNgSKkeG;S;7.91;E;110.58;N;24.8;E;12.87
N;84;171;N: lHlSJdnKod;S;1.28;E;40.04;N;2.34;E;1.3
N;85;881;N: pMNyuPCUVO;S;37.66;W;54.73;S;12.54;E;106.96
N;86;631;N: EmOohseZbi;S;6.81;W;101.21;N;5.68;E;106.17
N;87;557;N: pVTwIZAhFc;N;60.56;W;83.53;S;3.67;E;138.93
N;88;524;N: cnTonCTycU;S;87.98;W;45.16;N;12.39;W;15.48
N;89;972;N: rzBepgfmGY;N;1.05;E;10.6;N;87.96;W;142.37
N;90;533;N: tQgNxlEeaw;S;43.41;W;17.18;N;45.97;W;152.92
N;91;316;N: eDzuNhmuxc;S;52.11;E;16.05;N;72.34;E;68.53
N;92;32;N: DtNMEeUtfV;S;72.85;E;99.51;N;5.34;E;154.33
N;93;571;N: ormSmpSMHd;N;7.6;W;131.56;N;64.29;E;15.84
N;94;125;N: mRCgbnUfKo;S;88.42;E;174.42;S;49.69;W;48.93
N;95;89;N: xlrRjTjvYS;S;59.47;W;163.99;S;34.73;E;54.28
N;96;853;N: koRhdnvIRi;S;87.41;E;14.38;S;76.57;E;170.06
N;97;366;N: kRtmtXQmzX;S;65.16;E;62.91;N;67.54;E;116.98
N;98;873;N: ZytoHuKNed;S;42.36;E;99.36;N;0.81;E;76.36
N;99;520;N: JnXNkYROqU;N;67.97;W;106.29;S;82.23;E;126.54
N;100;512;N: riQimBRALe;N;69.36;E;26.93;N;12.26;E;164.47
N;101;15;N: WoVTEJVFFo;S;41.18;E;133.24;S;58.27;W;161.93
N;102;744;N: OntIGWtZFf;S;21.29;E;177.4;S;82.71;E;178.32
N;103;801;N: KUkuMNyjAV;S;34.26;E;72.77;N;77.22;E;123.25
N;104;969;N: mCOWSRaElA;N;9.12;W;51.75;S;68.03;W;53.53
N;105;474;N: OXLtNhCCsV;N;53.53;E;30.69;S;14.8;E;7.48
N;106;904;N: xywJklgiZF;S;89.05;W;176.37;S;62.21;E;115.71
N;107;498;N: fqsiKzedsa;N;62.85;E;19.33;S;46.88;W;114.82
N;108;70;N: ySHyyTNEfD;N;58.78;E;42.21;N;0.46;W;137.79
N;109;470;N: fFsBXIIfBv;N;27.98;W;82.16;N;24.51;W;19.17
N;110;40;N: QpeautUBNW;N;82.47;W;74.86;S;72.16;W;5.05
N;111;919;N: wTHPHlCwRD;N;74.03;E;67.09;N;35.16;E;23.61
N;112;627;N: dWjdEEUczb;N;51.24;W;18.53;S;57.36;E;50.15
N;113;441;N: rKXbvPdgYa;S;82.14;W;148.23;N;47.64;W;42.37
N;114;329;N: oCOfnFJTHW;N;84.66;E;38.81;S;12.32;W;165.85
N;115;334;N: xvhVQCZvuj;N;28.72;E;10.01;S;6.1;W;89.2
N;116;182;N: OQJPHmBffj;N;5.6;W;113.32;S;60.13;E;151.11
N;117;359;N: OEjeMyLrbg;S;75.62;E;29.32;N;61.35;E;51.88
N;118;437;N: cNvlIerKZv;N;75.83;E;121.19;S;50.02;E;111.04
N;119;623;N: tlGAYqufOh;S;50.56;W;141.8;S;28.83;W;158.89
N;120;44;N: REgDkfDUnz;S;38.28;W;63.62;S;11.81;W;3.46
N;121;907;N: QLqZoSnRaV;S;55.89;E;33.4;N;89.52;W;154.15
N;122;515;N: oBYCGZfNxs;N;39.64;W;142.54;S;18.73;W;158.37
N;123;433;N: YqrxNrFgqV;N;3.61;E;29.0;N;49.9;E;146.37
N;124;44;N: MzukQvnaZx;S;85.29;W;8.06;N;16.55;E;63.5
N;125;993;N: hkKNgAzdWz;S;65.5;E;25.2;N;6.52;W;26.17
N;126;294;N: qLyxkLqpyT;N;71.14;W;137.11;N;14.72;W;48.77
N;127;503;N: BoPSZSDyOK;S;14.74;E;163.31;S;57.77;E;108.55
N;128;484;N: LglhgNOGeR;N;70.54;W;161.41;S;24.38;E;7.75
N;129;905;N: eyuQarTGwP;S;84.63;E;164.13;S;79.19;W;159.29
N;130;319;N: aZsetZliNo;N;56.6;E;90.17;N;73.45;E;22.5
N;131;534;N: ybGWPPtufI;N;46.75;W;70.32;N;24.47;W;13.31
N;132;137;N: tPTKioteFE;S;88.4;W;171.85;S;25.41;W;21.73
N;133;570;N: ofzLKXrQRu;N;50.68;W;135.23;S;76.17;W;134.07
N;134;902;N: UXoWeMSMkF;N;45.84;W;5.9;N;47.45;W;167.11
N;135;635;N: teGxPHuuZs;N;37.34;W;57.88;N;42.07;E;36.08
N;136;860;N: eHcdcUxOGT;N;79.16;E;100.6;S;15.87;E;140.57
N;137;881;N: qHNfAlvMtg;S;22.81;W;159.63;N;37.7;W;107.15
N;138;265;N: rqAZvGUBZk;N;9.26;W;84.84;S;28.41;W;143.73
N;139;848;N: fBVZxMZcir;N;53.22;E;106.67;S;56.9;E;128.71
N;140;489;N: spnuBmlpGM;S;81.5;E;164.32;N;37.06;W;5.05
N;141;707;N: kEWXdxQVOd;S;48.74;W;15.23;S;1.53;W;1.63
N;142;796;N: CPkNPVHcZr;N;88.67;W;77.28;S;87.52;E;145.64
N;143;356;N: OEmJOfQIof;N;11.37;E;148.29;N;77.72;E;139.46
N;144;751;N: IJMzXbTSIv;S;30.02;E;41.55;S;83.87;E;144.85
N;145;176;N: pHIpmuyRFh;S;2.14;E;18.87;N;80.03;E;58.74
N;146;306;N: kOOMYTIBUs;S;31.6;E;23.3;S;12.23;W;82.34
N;147;98;N: GxiWhAFDjR;N;53.54;W;5.72;S;26.14;E;164.66
N;148;417;N: xBWeXNQFSM;S;15.47;W;42.24;S;19.6;W;56.91
N;149;984;N: kOiKMprUse;N;53.7;W;91.31;N;28.8;E;53.92
N;150;486;N: spzHAbgDls;N;15.23;E;58.32;N;85.38;W;127.31
N;151;229;N: lPJZqLXZRj;N;51.51;E;97.83;N;0.51;W;60.2
N;152;349;N: qBNgxXMxou;S;8.59;E;15.17;N;33.58;E;141.37
N;153;73;N: XBYOOHfvUK;S;37.9;E;96.49;S;11.98;W;165.06
N;154;904;N: zVCsJEBnKh;S;46.71;E;2.16;S;22.67;E;27.1
N;155;216;N: QfcisKhUCm;N;51.43;W;167.06;N;68.3;W;170.45
N;156;14;N: CNjsZjiRam;N;34.12;E;162.72;S;82.4;W;124.61
N;157;524;N: zQyKSkhVJL;N;35.27;E;152.17;S;27.75;W;67.28
N;158;561;N: uIDXTqZZjP;S;27.42;E;178.09;N;47.58;E;166.16
N;159;860;N: eXEjNmshLS;N;79.52;W;66.42;N;29.83;E;118.91
N;160;805;N: eWcXoMQQvb;S;52.67;W;18.05;S;74.93;W;108.36
N;161;922;N: uUhcKPDagI;N;4.71;E;62.09;N;84.36;E;109.19
N;162;218;N: RhlxDvqatP;S;36.25;E;28.31;S;1.41;E;22.44
N;163;17;N: ajgkiYSEIb;N;87.03;E;122.41;S;3.67;W;62.62
N;164;757;N: oNdCWqOBfr;S;32.84;E;157.88;S;14.34;W;101.75
N;165;45;N: CZUkivHbnN;S;9.07;E;137.87;S;13.63;E;11.87
N;166;699;N: IIiTMjrBxz;S;55.42;E;84.72;S;39.11;E;135.05
N;167;35;N: eheIZERhKV;S;56.55;E;26.62;S;58.81;W;30.72
N;168;397;N: rMLYvgEenR;N;63.42;W;156.43;N;32.19;E;94.58
N;169;88;N: NUtjVtVZFp;N;47.93;W;167.89;N;29.35;E;93.99
N;170;764;N: bxRTUgVukE;N;0.41;W;70.37;N;37.31;E;32.93
N;171;923;N: YHlNqexMAK;N;67.23;W;0.85;S;24.22;W;166.08
N;172;728;N: xgpLttphlg;S;23.44;W;125.5;N;84.59;E;58.89
N;173;123;N: qwfiamnPFi;S;9.23;E;143.7;N;88.71;W;121.52
N;174;994;N: pZGiQshpJf;N;22.57;E;159.57;S;18.64;W;85.28
N;175;121;N: fAqrJcKHpk;S;4.53;E;15.05;S;17.12;E;1.96
N;176;586;N: vQPFfbAbkP;S;50.73;W;1.67;N;62.91;W;165.9
N;177;310;N: EcjgyBorSI;S;0.01;W;24.26;S;65.76;E;112.8
N;178;181;N: miXtYvwNlF;N;67.34;W;44.72;S;80.63;E;154.96
N;179;935;N: soMzCiyOLA;S;73.65;W;101.84;N;77.5;E;36.97
N;180;845;N: jxFISycJCz;N;85.34;W;99.22;N;63.05;E;133.77
N;181;675;N: WCKCPXXUOq;S;10.6;W;16.82;S;21.14;E;153.49
N;182;707;N: yTiVldqprE;N;70.91;W;61.25;S;70.35;W;7.93
N;183;314;N: VCJjpctKOe;N;34.19;W;156.98;S;28.52;W;103.44
N;184;714;N: dkqwXSxGrC;S;40.4;E;7.44;N;82.77;W;130.08
N;185;271;N: WfKdfdpIxy;N;11.45;E;82.84;S;84.19;W;40.28
N;186;649;N: srWOEdHTNt;S;25.26;W;130.39;S;7.85;E;139.95
N;187;230;N: KrKwtpXRly;N;87.19;W;107.51;N;51.89;W;93.45
N;188;322;N: NRZQlTMuWb;S;77.05;E;157.48;N;54.84;W;127.14
N;189;105;N: SdegFvnNvb;S;7.25;W;154.91;S;73.23;W;97.73
N;190;910;N: vvuOoMUxYa;S;56.83;E;146.19;S;56.74;W;134.25
N;191;370;N: nBGfGDnHUk;S;81.45;W;37.1;N;83.26;W;63.78
N;192;877;N: BRarMJdVMN;N;89.95;W;168.38;N;36.32;E;171.05
N;193;465;N: llqAdowlGW;S;87.13;W;120.8;N;20.01;W;88.02
N;194;265;N: TdtaInSXUT;S;52.79;W;161.53;S;46.35;W;85.15
N;195;280;N: taNcAKypJR;S;7.26;E;26.03;N;59.53;E;155.9
N;196;972;N: GbnHLgITxS;N;80.76;W;47.6;N;82.55;W;97.97
N;197;969;N: HNtEFHKZtT;S;37.1;E;93.26;N;69.24;W;116.6
N;198;304;N: ACQkNpkZnw;N;1.62;W;144.31;S;54.5;W;149.44
N;199;422;N: wlOekSLkMy;N;21.43;E;112.2;N;41.91;W;135.62
N;200;756;N: cwCzshRknV;N;68.21;W;50.91;S;66.08;E;86.05
N;201;69;N: paMQNEHaFm;S;72.53;E;3.84;N;78.61;E;36.53
N;202;860;N: jwnCieHkVM;N;28.14;E;146.52;N;31.4;E;90.47
N;203;487;N: yOrEWjKIOi;N;86.37;E;18.55;S;29.03;W;146.0
N;204;891;N: FeVgsPRxEt;N;58.98;E;120.47;N;48.38;W;28.65
N;205;154;N: gPkMSVLaWv;S;6.31;E;118.24;N;55.39;E;78.67
N;206;591;N: uQAbjbEeGM;S;17.36;W;8.3;S;15.49;E;131.79
N;207;236;N: ZjvYWJXCKR;S;22.58;E;66.65;N;5.99;W;99.93
N;208;281;N: YWvGCliAuY;N;64.48;W;168.88;S;4.54;W;138.98
N;209;273;N: HfwnFxjTSU;N;88.4;W;11.15;S;3.74;W;130.24
N;210;526;N: svGLQeLmUV;S;56.17;W;40.05;N;42.47;W;81.97
N;211;207;N: AqiFvMhNHi;S;73.34;E;93.96;N;49.64;W;109.88
N;212;808;N: vtHvBMuIfD;S;80.21;E;30.8;S;50.7;E;141.19
N;213;809;N: ThHeBRvtYn;S;31.78;W;157.8;S;64.13;W;71.89
N;214;81;N: aWybuJnaXj;S;45.34;E;117.08;S;13.93;W;1.65
N;215;621;N: lMXvoxifeq;S;71.64;W;92.55;S;42.57;W;2.99
N;216;423;N: UbxlRIJamQ;S;85.71;E;14.41;S;53.91;W;33.04
N;217;631;N: MwOOTWXPeK;S;64.15;W;39.31;S;81.24;E;34.34
N;218;215;N: PTVeTOqiFF;S;56.98;W;80.48;N;65.3;W;95.04
N;219;10;N: MCWIRnWThT;N;23.1;E;126.0;S;50.99;W;78.64
N;220;312;N: ROFDuxKeFL;S;29.31;W;81.5;N;63.97;W;164.85
N;221;747;N: WclkziSyDC;S;7.8;W;132.81;N;88.83;W;172.78
N;222;604;N: tbrcAQHUeN;S;85.48;E;44.89;N;51.11;E;159.84
N;223;444;N: KbpzsnwrSJ;N;17.7;W;155.5;N;89.42;W;80.99
N;224;523;N: aFptjAJthK;N;3.34;W;100.8;S;23.65;W;178.21
N;225;178;N: ClbbDgETxL;S;68.25;E;33.05;S;35.18;W;65.31
N;226;711;N: nDZXFlAEjx;S;48.88;E;54.19;N;65.66;W;8.36
N;227;962;N: WGJDgHwmTp;N;82.18;W;24.85;N;60.2;E;34.0
N;228;873;N: oonqKolEhg;S;18.56;W;85.48;S;12.28;W;163.28
N;229;151;N: itSntVzWQH;S;52.74;E;172.42;S;64.07;W;164.41
N;230;836;N: AMqjBBlVmD;N;83.49;E;128.14;S;30.12;W;93.21
N;231;651;N: ElmtPoNmum;N;33.8;W;165.67;N;57.94;E;110.55
N;232;745;N: pJnbrlAEto;N;9.79;E;160.0;S;66.07;W;172.17
N;233;767;N: WewldfsQUH;N;21.67;E;65.8;N;34.84;E;109.48
N;234;309;N: uTlAQMpiDw;N;13.19;W;4.35;S;82.54;E;39.25
N;235;604;N: YhlJkdvTOW;N;55.27;W;161.85;N;11.37;E;141.87
N;236;341;N: iSzxVPyCnU;S;85.55;E;105.59;N;33.14;E;41.17
N;237;493;N: rDSeyyZUbD;N;18.82;E;86.85;S;72.07;W;94.87
N;238;635;N: AXpYTjrffg;S;5.96;E;152.29;S;75.69;W;128.73
N;239;539;N: veEYGUhfjd;S;13.01;W;173.92;S;29.11;E;177.66
N;240;895;N: orwRyxSWUb;S;24.19;W;141.03;S;71.52;E;156.23
N;241;4;N: kqMUWIlIaR;S;42.05;W;104.1;N;15.04;W;23.83
N;242;718;N: mrrmeQXUrB;N;86.73;W;64.98;N;68.21;E;83.11
N;243;653;N: ydWlAvaAEg;S;12.93;E;41.96;S;76.56;W;150.33
N;244;403;N: jmuydnAhhC;N;46.95;W;86.72;N;26.24;E;53.72
N;245;862;N: KylqcPUvjU;S;34.55;E;59.18;S;53.09;E;53.83
N;246;978;N: HHfKGWvfdD;S;54.37;E;54.93;S;72.13;W;70.02
N;247;533;N: RJakHwjtWk;N;62.55;W;52.31;S;69.36;W;154.27
N;248;162;N: oDkpDKmcOY;S;7.54;W;89.68;S;11.96;E;174.12
N;249;101;N: HTsSWZPFjq;S;57.92;W;164.25;N;82.54;E;91.02
N;250;957;N: XzGdxAOCba;N;0.04;E;117.27;N;40.37;W;41.32
N;251;524;N: ExQwTrTNyV;S;72.1;W;156.89;N;23.26;E;122.92
N;252;48;N: QtMUPerNWu;N;27.36;E;3.4;N;79.75;W;51.11
N;253;367;N: PyDhyaelDu;N;4.68;E;99.54;N;67.43;E;97.45
N;254;414;N: qDaMNsyzSK;N;45.29;E;175.96;S;42.14;E;45.33
N;255;383;N: YQRPTLzIsx;N;67.04;W;8.38;N;84.73;E;104.41
N;256;41;N: tPanfzwCiQ;S;65.67;W;123.98;N;40.82;W;166.59
N;257;309;N: HULiAfTbbe;S;31.63;E;117.78;N;70.5;E;163.27
N;258;179;N: uqxoGAOlyZ;N;69.92;W;150.28;N;6.56;W;115.5
N;259;693;N: fSOvyEwRKM;N;20.52;E;65.91;N;68.8;W;57.19
N;260;889;N: FBHOYwDUOR;S;57.78;W;110.59;S;5.7;E;148.89
N;261;276;N: RNqoToXHBj;N;3.32;E;100.69;N;27.45;W;117.71
N;262;629;N: uwABWAGMLd;N;24.83;W;0.44;S;57.15;W;19.95
N;263;602;N: HwIEquldMg;N;53.78;E;92.53;S;44.13;W;102.16
N;264;35;N: JGbBUjJMJm;N;20.45;W;55.11;S;5.86;E;4.13
N;265;449;N: cBbZBrFHnn;N;85.11;E;161.15;S;71.43;W;99.03
N;266;2;N: IwLKcYSFAg;S;66.23;E;103.04;S;15.02;E;152.13
N;267;102;N: DHMqNIASoC;N;74.43;W;97.85;S;79.51;W;48.8
N;268;964;N: prrPlryheg;S;44.97;W;130.6;N;50.52;E;165.34
N;269;400;N: DuQcCxeKyt;S;59.62;E;7.5;N;49.03;W;127.08
N;270;170;N: tWwofqjfAh;S;50.33;W;168.09;N;49.23;E;58.35
N;271;945;N: nweZwKsCDC;N;73.23;E;102.25;S;75.87;E;115.82
N;272;389;N: wqmcdxbDrJ;S;26.44;W;65.88;N;40.59;E;106.92
N;273;932;N: AuczBAeBcA;N;18.06;W;138.48;S;71.5;W;140.14
N;274;564;N: fGyjvWmQuD;N;56.07;W;41.71;S;61.85;E;114.22
N;275;949;N: pGrYpJDaYK;S;50.08;W;176.04;N;77.42;W;82.04
N;276;150;N: yncSOieWQQ;N;8.29;E;89.01;N;69.46;E;149.32
N;277;503;N: pROdubaMCZ;S;42.1;W;27.72;S;75.6;E;27.03
N;278;750;N: wGbeICBhbv;S;57.69;E;43.27;S;53.57;W;154.03
N;279;651;N: HoGlWWbGld;S;87.75;W;130.66;S;17.33;W;134.8
N;280;488;N: nuJMbJeZEZ;N;71.97;E;132.43;S;47.41;W;48.65
N;281;565;N: jXtsfOoUgF;N;17.7;E;49.59;S;77.86;W;171.04
N;282;97;N: qSxhovlCGS;S;48.32;W;107.68;N;37.74;W;129.6
N;283;11;N: vCaOdoQBgP;S;24.64;W;140.18;N;68.57;E;141.92
N;284;871;N: OzNKXTLZMj;S;67.54;W;99.24;N;76.5;W;138.78
N;285;37;N: MkrSOxOXgi;S;85.17;W;117.25;S;42.28;W;112.2
N;286;586;N: IZIdmVzovg;N;71.87;W;140.42;N;80.9;E;118.33
N;287;202;N: nRzwstZHte;S;53.53;W;99.86;S;69.87;W;160.79
N;288;259;N: LJJYfRLWCX;N;38.75;E;85.7;N;39.25;W;145.58
N;289;713;N: kPjcSbHpkQ;N;67.28;E;119.65;S;43.61;E;27.04
N;290;43;N: nBLFGThaUb;N;81.36;E;103.29;N;57.61;W;80.21
N;291;344;N: uSsbFpAyxk;N;79.77;W;119.87;S;14.89;E;21.57
N;292;298;N: GXTzcbEeKO;S;53.33;W;121.24;N;33.49;E;73.72
N;293;565;N: rbEoYWURYC;S;20.87;E;41.08;S;49.36;W;36.12
N;294;102;N: YSixaWtquP;S;52.04;E;150.79;S;72.36;W;18.87
N;295;510;N: HIXTBYdOjJ;N;36.04;W;114.47;N;50.27;W;108.98
N;296;479;N: snikayoHQe;S;81.64;W;155.7;N;1.74;E;95.22
N;297;694;N: SmDoWofFbm;N;43.34;E;30.4;S;19.37;W;0.51
N;298;929;N: qGyUKxgzLW;N;22.39;E;167.5;N;69.07;E;35.54
N;299;797;N: OTbFaGydiC;N;61.12;E;19.32;S;68.47;W;90.5
N;300;856;N: IeJWHtAelS;N;88.9;W;66.85;S;32.86;E;2.14
N;301;563;N: VgHAltLOzk;N;61.78;W;108.61;S;85.22;W;86.91
N;302;968;N: FppDfpQhbL;S;17.62;E;179.1;N;41.91;E;38.2
N;303;150;N: LFhfSwSMTY;S;1.17;E;104.56;N;54.75;E;161.88
N;304;179;N: PtFeFZkCyA;S;35.66;W;33.94;N;82.26;W;16.52
N;305;71;N: jVUUdHWpHx;N;48.7;W;110.47;N;25.92;E;112.77
N;306;198;N: BkvwTpTRcb;N;83.36;E;35.71;S;4.26;E;76.59
N;307;905;N: nrrmaHEUHv;S;7.17;E;137.6;S;34.08;W;167.88
N;308;217;N: UhrkgrLCqd;N;76.42;W;179.43;S;89.32;W;149.98
N;309;604;N: NvHmaLmPvp;N;51.72;W;98.76;S;45.94;E;25.8
N;310;494;N: abErgdhSaG;N;9.12;E;80.02;N;20.87;W;21.42
N;311;64;N: SOLxIjslfZ;N;41.37;E;105.84;S;85.38;E;43.19
N;312;150;N: POSwEMMCMy;N;89.41;W;38.12;S;9.06;W;70.3
N;313;359;N: OEnSpBoDQx;S;55.65;E;14.41;N;72.5;W;55.54
N;314;240;N: PUbfkHItdf;S;31.46;E;105.6;S;22.92;E;155.42
N;315;565;N: LGsZfXWMWj;N;51.06;W;75.48;N;79.35;W;73.68
N;316;388;N: qAfKbPyhdJ;S;70.89;E;94.33;N;28.27;E;66.17
N;317;436;N: PxvmNrYWAA;N;48.26;W;150.62;N;48.04;W;176.74
N;318;373;N: iPCECIoByi;S;71.66;E;125.27;S;24.28;E;127.79
N;319;786;N: XTBSuWnciQ;S;47.87;W;151.87;S;61.64;W;150.59
N;320;161;N: UbADfmWbhh;S;36.76;E;63.33;N;59.53;W;31.6
N;321;153;N: VCDNEHlUsW;N;35.38;W;96.56;N;59.3;W;31.19
N;322;465;N: MjmUPvkYvH;S;32.33;E;98.15;N;15.64;W;40.72
N;323;353;N: wttPqMdmNq;N;53.04;W;152.48;N;22.2;W;8.14
N;324;148;N: tIxtyOxQrf;N;34.86;E;173.95;S;14.58;E;60.38
N;325;399;N: ulbIQheMnf;N;59.26;W;48.2;S;77.4;W;48.24
N;326;484;N: eAqzqlyDre;N;47.46;W;19.41;S;65.48;W;80.68
N;327;737;N: gLNnNQRGtC;N;40.0;W;152.42;S;4.49;W;79.1
N;328;305;N: uPoYFVFPGj;N;5.48;E;6.89;N;47.42;E;119.24
N;329;965;N: jnUAVdaUhd;N;57.47;W;25.61;N;84.27;E;106.29
N;330;914;N: fdKakgXOBA;S;76.02;E;26.0;N;26.45;E;49.52
N;331;459;N: vDLCOFPoiY;S;69.57;W;147.44;S;6.17;E;112.08
N;332;48;N: fyLDjWgwhn;N;35.7;W;77.37;N;20.6;E;11.26
N;333;749;N: wPatgolXSt;S;10.94;W;75.48;N;75.31;E;166.86
N;334;50;N: oLHQEfnxop;S;13.99;E;58.31;N;76.3;W;12.13
N;335;544;N: IzoEItzZfv;S;64.49;E;80.73;S;73.29;E;92.32
N;336;680;N: XiksLYNnvW;S;70.19;W;145.79;N;68.77;E;100.72
N;337;330;N: DGjncvJwsz;N;52.73;W;113.5;S;0.26;E;148.6
N;338;242;N: kPNDYSPfYC;N;57.44;W;48.81;S;73.24;W;64.8
N;339;324;N: DRghraeDxw;N;66.62;W;92.84;S;31.56;W;126.39
N;340;714;N: tkedcRFRfn;N;48.32;W;116.89;N;25.41;W;2.6
N;341;330;N: hZvsDAJHlJ;S;33.2;E;136.64;S;65.22;W;105.72
N;342;770;N: szJvjrziju;S;89.34;E;128.76;S;25.19;W;136.46
N;343;376;N: TqbJUoLgkH;N;73.22;W;7.82;S;82.87;E;108.33
N;344;247;N: dJwyeUBKIW;S;42.02;W;40.15;S;15.26;E;161.79
N;345;962;N: rxdqOYSxOO;N;3.6;W;84.45;S;74.26;W;26.38
N;346;910;N: xIgfqvEtWI;N;77.92;E;10.39;S;45.61;W;15.72
N;347;42;N: yeepGzyIPu;S;59.19;W;151.08;N;58.46;W;26.9
N;348;54;N: bUXLwSTsum;N;63.8;W;87.93;N;72.87;W;81.26
N;349;196;N: AswqZtdvfZ;N;13.43;E;127.77;S;57.23;E;19.07
N;350;531;N: TExaSzUrUr;N;35.66;W;8.7;N;16.52;W;112.69
N;351;916;N: epSSzdCEGs;N;35.1;W;105.43;N;4.66;E;141.73
N;352;231;N: LxBZbBMNSC;S;25.91;E;102.17;N;9.37;E;168.05
N;353;942;N: NGWGiZkghE;S;41.77;W;115.27;S;43.88;E;7.56
N;354;563;N: CJhQBJPowB;S;38.41;W;81.51;S;23.49;W;36.33
N;355;919;N: yhpHIobQMy;S;33.77;W;0.47;S;24.94;E;153.28
N;356;554;N: CyAMbXiggP;S;13.72;W;89.26;S;24.2;W;145.4
N;357;308;N: TKAMXtixZT;N;6.6;W;76.78;S;44.18;W;29.07
N;358;840;N: ywgoaKbcfb;S;32.42;W;114.29;S;82.6;W;26.97
N;359;203;N: bSWVcVaXWo;S;71.72;E;72.99;S;65.78;W;85.63
N;360;869;N: VIqFRCkopO;N;63.24;W;136.65;S;21.74;W;60.81
N;361;241;N: VySljcalTo;N;54.52;W;147.05;S;24.67;E;76.8
N;362;161;N: ZYVTEHZvId;S;65.28;W;97.82;S;65.74;W;75.81
N;363;315;N: NmFlIowbNz;N;28.99;W;67.6;S;16.88;E;4.01
N;364;839;N: MEVfZLOHcE;N;66.1;W;116.62;N;20.44;W;153.94
N;365;994;N: taRHylRqyB;N;74.92;E;22.16;S;35.51;E;135.59
N;366;940;N: fvbXLkeXaI;N;27.6;E;129.88;S;20.89;E;80.84
N;367;219;N: znFUuRBtuD;N;76.45;E;74.78;S;0.83;W;53.28
N;368;146;N: iIVEiOxXaf;N;0.62;E;165.25;N;12.55;W;159.02
N;369;479;N: yGTlRoAReE;N;46.38;E;111.7;S;0.61;W;46.35
N;370;592;N: pDLnpfYpRY;N;19.76;E;113.09;S;69.39;W;129.8
N;371;489;N: ZpriVKIbjS;S;27.9;E;128.84;S;79.2;E;121.96
N;372;938;N: UmZFoMksam;N;41.43;W;118.6;N;9.47;E;166.93
N;373;793;N: MeifoZXoaj;N;6.71;E;135.44;S;71.89;E;133.63
N;374;404;N: hixKzFUqaQ;N;66.71;E;72.37;N;67.73;W;4.36
N;375;127;N: iMkHBKKgfj;N;64.33;W;75.24;N;17.19;W;2.97
N;376;126;N: NNCVqkCxLW;N;9.63;W;115.08;S;63.52;W;169.53
N;377;108;N: sXEDnzPWtG;S;62.46;E;29.2;N;48.45;W;57.3
N;378;831;N: RfPKMqQjvy;S;65.77;W;111.2;S;46.88;W;20.28
N;379;498;N: fjFIbbhOiV;S;46.66;W;29.03;S;53.38;E;133.52
N;380;899;N: vBAVwhKKyD;N;16.34;W;157.19;N;61.19;E;159.53
N;381;613;N: nJqvddBzKM;S;28.9;W;124.88;S;5.56;W;14.12
N;382;335;N: TdvkUhUYfQ;S;56.24;W;105.14;S;88.23;E;106.15
N;383;189;N: PggjSqWfPx;S;29.55;W;23.14;N;15.05;E;77.18
N;384;755;N: JBYVIZYwBO;N;2.86;W;10.49;N;80.73;W;156.51
N;385;234;N: CmYvJlRwCT;N;67.2;E;170.04;N;7.05;W;135.04
N;386;273;N: jwxjsxPsvy;N;79.66;E;144.63;N;35.27;E;144.93
N;387;562;N: LSdFbiXrXm;S;44.18;W;45.57;N;60.58;E;141.3
N;388;166;N: oPCbFHNiry;N;7.28;W;158.05;N;78.74;E;90.67
N;389;497;N: ykVQASLqOO;N;71.38;W;86.96;S;48.7;W;14.41
N;390;921;N: iOkelBjFrA;N;13.04;E;50.34;N;6.34;E;92.29
N;391;74;N: QkDGlnSLIl;S;62.87;W;15.15;S;44.87;W;172.56
N;392;984;N: NtoMMyLyfj;S;68.39;E;24.96;S;69.89;E;55.11
N;393;807;N: QZEwZUhJrA;S;53.04;W;8.03;S;31.23;E;3.23
N;394;143;N: fWQTlKYQHk;N;31.85;W;114.2;N;63.43;E;38.96
N;395;405;N: DpwUeHynlo;S;62.48;W;14.24;N;3.02;W;51.3
N;396;990;N: tFgqtKfZcQ;S;63.32;W;62.25;N;5.95;E;43.17
N;397;4;N: BTqWHIgdxX;S;85.31;W;63.57;S;70.85;E;85.47
N;398;55;N: ixNJCzfDyz;S;54.04;W;109.53;S;89.23;E;44.07
N;399;738;N: YkLitQZanl;N;63.22;W;82.49;S;52.56;W;97.89
N;400;428;N: vUEDCLxnLY;S;84.92;E;82.34;S;3.18;E;52.92
N;401;781;N: sENjfBSFWs;S;11.77;E;87.75;N;84.38;E;50.56
N;402;773;N: gfErfLqXsU;N;76.92;W;161.1;S;68.92;W;63.9
N;403;685;N: twTKOXUubU;N;69.01;E;149.04;N;31.66;W;95.72
N;404;674;N: gSHRmyJwGX;S;74.4;E;35.34;S;31.26;W;86.88
N;405;219;N: TFgyvGFmeT;N;47.71;W;146.66;N;68.13;W;115.0
N;406;756;N: zvufJuVfWK;N;19.27;E;90.26;S;70.33;E;108.92
N;407;534;N: veAuUnYlIm;N;62.93;W;75.43;S;70.56;W;155.77
N;408;267;N: BCzylEasqZ;N;45.06;E;15.62;S;78.55;W;100.11
N;409;838;N: weyQfhSYXL;S;34.33;W;8.58;S;30.2;W;176.57
N;410;782;N: NEnsCnPJsT;N;87.78;W;150.3;S;24.8;E;31.22
N;411;946;N: pVYozEekOQ;N;78.06;W;32.95;S;53.11;W;86.75
N;412;622;N: FXORQmZryw;S;74.42;E;79.03;N;44.33;W;168.7
N;413;651;N: AibWUrxMOo;N;84.49;W;44.12;N;36.5;W;51.33
N;414;328;N: icBwusgNda;S;79.41;W;162.36;N;58.44;W;144.4
N;415;403;N: yRUoidbrXI;N;20.37;W;156.21;S;55.12;E;78.26
N;416;720;N: MVmQdtKoal;N;29.98;E;77.88;S;38.2;W;12.36
N;417;565;N: ovSwmUfDHb;S;76.17;E;24.97;S;84.97;W;162.67
N;418;720;N: nTSlvkrKQB;S;21.28;W;12.88;N;85.74;E;139.26
N;419;65;N: RigTggNePm;S;2.79;E;144.38;S;10.89;W;83.24
N;420;325;N: vuFlkbjUcj;N;24.63;E;134.62;N;49.05;E;74.94
N;421;635;N: YIUEOLSVCO;S;19.38;E;148.57;S;68.24;E;14.92
N;422;20;N: jjlecxNHlZ;S;31.4;E;127.38;N;54.24;W;150.52
N;423;74;N: ZinzApxBJD;N;5.09;E;89.26;S;47.94;E;58.88
N;424;185;N: DhqMVeoCEh;S;26.55;W;128.32;N;16.5;E;51.23
N;425;506;N: vHoLtovNUR;N;51.21;E;13.84;S;66.38;W;59.89
N;426;932;N: ibytIleItY;N;54.45;E;131.71;N;75.22;W;150.39
N;427;538;N: bmnnylOZNp;N;44.28;W;14.8;N;23.31;W;111.64
N;428;844;N: JTsoYzZpKx;S;88.93;E;18.04;N;16.18;W;3.23
N;429;241;N: SOjnkXyJmk;S;10.01;W;151.43;S;88.52;E;5.9
N;430;133;N: jKxlldYbJw;S;1.91;W;16.88;S;81.52;E;51.0
N;431;441;N: WSsUHlnVDP;N;26.62;E;157.5;N;1.49;W;148.36
N;432;602;N: qRrCDKuMrA;N;86.83;E;80.7;S;32.61;W;71.04
N;433;291;N: YeONsjOXtK;S;46.18;E;11.02;S;84.81;E;34.31
N;434;587;N: vSGvfRsfJx;N;20.63;E;30.66;N;43.1;W;144.37
N;435;375;N: YNPbqVnFDf;N;72.55;W;26.04;S;77.22;E;85.54
N;436;25;N: FoZjVJAiyV;N;7.22;W;69.25;S;78.24;E;53.16
N;437;486;N: BHTXHtmBZG;N;41.32;E;95.97;S;39.06;W;155.7
N;438;750;N: TpVFjymKNy;N;78.11;E;65.51;S;25.31;W;109.87
N;439;150;N: ZqFBthhCyr;N;8.91;E;21.89;N;63.13;W;41.71
N;440;105;N: kxBoYkcVjG;N;11.67;W;23.71;N;84.32;W;52.24
N;441;349;N: JgdcYyeOok;S;11.56;W;97.92;S;53.52;E;82.53
N;442;576;N: aKjvsAgVxZ;N;41.55;E;97.06;N;18.06;E;78.58
N;443;820;N: dizFWSuQqJ;N;27.56;E;79.11;S;60.38;E;87.1
N;444;200;N: WEPdXWshbP;S;28.4;W;140.69;S;69.67;E;74.52
N;445;251;N: CmfsaFqvHU;N;51.92;W;112.97;S;80.64;W;154.53
N;446;399;N: qvPSdNCgti;N;50.56;E;25.71;N;41.79;E;54.75
N;447;956;N: FNRpxgKGha;N;53.78;E;136.71;N;18.59;W;142.53
N;448;594;N: QUySTDgLJN;N;25.37;E;84.11;N;62.59;W;59.06
N;449;859;N: dQWSbGEGfB;N;56.8;E;79.6;N;88.6;E;177.02
N;450;980;N: UlfsmfMaWA;N;1.47;E;106.93;S;51.37;E;64.12
N;451;93;N: BLSWUTQgqR;S;32.3;E;52.84;S;58.83;E;138.34
N;452;845;N: qmhWiZVkZa;N;35.39;E;134.39;S;84.8;W;101.83
N;453;724;N: WpFNkTWIVg;S;30.65;W;8.43;N;89.94;W;39.35
N;454;149;N: UMcrPuuowy;S;74.42;W;15.45;N;86.32;W;97.75
N;455;616;N: JQgHefpouw;N;48.69;E;48.48;N;42.23;W;140.88
N;456;373;N: CDyoAQZGWv;S;80.05;W;143.85;N;27.0;W;75.47
N;457;160;N: DZzIYMEXDq;S;29.91;E;28.8;S;8.35;E;7.16
N;458;747;N: eyKPvfUHRc;S;23.63;W;142.66;S;34.59;E;96.42
N;459;208;N: gOckEesrse;S;11.9;E;93.26;N;63.51;W;19.17
N;460;308;N: xLOmiYspEU;S;42.61;W;164.64;S;43.45;W;136.92
N;461;25;N: gYoAsXQFWG;S;76.38;E;18.3;S;35.35;E;113.37
N;462;689;N: mZYDinwfau;N;24.34;W;19.83;S;80.4;W;49.82
N;463;307;N: pRRqahliwI;S;61.14;E;95.22;N;29.93;W;168.4
N;464;597;N: NswsCniQjl;S;19.72;W;122.08;N;83.08;W;141.8
N;465;758;N: aEgoXBcrUx;S;18.42;W;170.39;N;50.62;W;162.67
N;466;523;N: tXsUpEilDM;S;78.36;E;156.56;N;12.56;W;174.19
N;467;818;N: XuDMafnVmO;S;22.14;W;23.99;N;9.69;W;99.57
N;468;569;N: GtelfaeulM;S;69.6;W;97.55;N;36.03;W;164.99
N;469;460;N: NXyUOjtcXJ;N;35.39;E;39.43;S;39.82;E;67.9
N;470;57;N: oGVNjuATcP;N;51.53;W;36.77;N;26.66;E;77.31
N;471;639;N: IDPjDLpKms;S;40.8;E;74.34;S;67.77;E;73.01
N;472;991;N: TAOgcbOvZe;S;6.21;W;111.44;N;49.65;E;167.16
N;473;42;N: dNLhQJAuyp;N;4.53;W;129.63;S;1.15;W;11.27
N;474;593;N: EEEekcgBKC;N;88.6;E;15.95;S;32.35;W;91.2
N;475;448;N: CBsRrYMoNv;N;27.21;W;68.23;N;86.06;E;94.98
N;476;198;N: GpxZdRFqhv;N;77.81;E;147.98;S;69.88;W;121.13
N;477;642;N: SlJnvVlmvg;N;59.12;W;8.44;N;49.41;W;2.95
N;478;386;N: FjOpHuwMFQ;N;9.75;W;157.64;N;9.31;E;148.58
N;479;83;N: FcYKvlXMhf;S;77.08;E;75.31;N;38.13;W;106.61
N;480;846;N: HJvAqFssTG;S;64.49;W;156.55;S;83.03;W;153.32
N;481;552;N: ZWJggXMwqL;N;10.1;E;83.98;S;10.1;E;124.16
N;482;226;N: WlRgGOccRv;S;39.45;E;34.53;S;39.48;W;24.09
N;483;239;N: YfEJkpllfn;S;80.28;W;16.11;S;83.56;E;1.76
N;484;890;N: EMhUSmuDpb;N;58.32;E;41.99;N;88.8;W;12.95
N;485;986;N: xDVQpAAGUP;S;36.59;W;11.93;S;58.85;E;151.04
N;486;434;N: pZkCUwqNwm;S;52.31;E;139.6;N;85.92;E;173.63
N;487;808;N: DuztpboRAr;N;60.77;W;154.87;N;63.16;E;8.82
N;488;683;N: pBNvmpSQAa;S;17.96;E;155.08;S;70.81;W;26.08
N;489;591;N: SSdOxiIOTl;N;52.12;E;48.53;N;41.14;E;38.16
N;490;58;N: MXdfNuqgXa;S;49.73;E;71.85;N;67.61;E;107.23
N;491;4;N: rNRWFpiQKL;S;7.33;W;152.88;N;27.46;E;93.74
N;492;896;N: actxglyHFW;N;8.22;E;72.6;S;43.53;W;150.3
N;493;468;N: CADYkFlRdW;N;19.45;W;165.12;S;41.46;E;85.09
N;494;298;N: uMipMiExsq;N;26.06;W;105.69;S;41.57;E;116.62
N;495;853;N: LHGWuVmTDB;S;83.14;W;78.55;N;27.85;E;28.49
N;496;559;N: QHCQhAaijd;S;18.12;E;110.65;S;5.15;W;55.32
N;497;603;N: nBerufJtIy;S;28.71;W;100.9;N;33.27;W;172.72
N;498;557;N: uBLfufMJOy;S;12.3;E;178.08;N;80.27;E;96.44
N;499;165;N: zXcwXmcCps;S;50.19;E;42.03;S;86.31;W;19.76
P;500;544;P: PTeicRHlkR;N;9.05;W;107.18;N;61.41;W;69.9
P;501;73;P: AHcZQFeEpa;N;40.6;W;141.87;N;80.43;W;38.17
P;502;925;P: tSCgZsnSAx;S;21.28;W;12.88;S;65.15;W;0.94
P;503;885;P: oPMzNEeAyN;N;41.32;E;95.97;S;67.1;E;164.27
P;504;273;P: EfAcatgXTs;S;59.19;W;151.08;S;17.76;E;112.5
P;505;824;P: UbofHWbiLK;N;85.77;E;147.26;N;3.8;W;24.95
P;506;896;P: PUhuYsnKPD;N;76.09;W;10.52;N;81.98;W;90.47
P;507;105;P: ZMxQBjLgMB;N;85.94;E;51.42;N;18.03;E;55.18
P;508;573;P: APOoyBCyxM;S;41.65;E;40.95;N;10.02;E;104.31
P;509;749;P: yMdmiKvEDO;S;35.53;W;137.45;N;42.01;E;129.45
P;510;765;P: aeQhSOqeCu;S;36.79;E;176.6;N;80.87;W;63.25
P;511;58;P: pxVINMnoTP;N;7.22;W;69.25;N;40.92;W;135.35
P;512;272;P: ssnsiGrdtH;N;65.66;W;8.36;N;18.47;E;171.85
P;513;505;P: RMSobEBqDx;N;46.16;W;157.97;S;20.12;W;39.4
P;514;703;P: VDpYvIlNIa;N;74.12;E;167.64;N;70.38;E;30.41
P;515;909;P: HdMRhXSRaf;S;82.23;E;126.54;N;68.48;E;101.2
P;516;821;P: DnKoPezlIm;S;20.44;E;46.23;N;34.96;E;66.53
P;517;937;P: tkOcvzSdCk;N;84.26;E;18.29;S;42.07;E;74.16
P;518;583;P: rjplsPFixE;N;12.64;E;98.8;S;74.39;W;153.78
P;519;519;P: IBAzPaHgJI;N;23.19;W;148.53;N;40.68;E;145.55
P;520;354;P: rKFvxsTsPZ;N;11.54;W;96.86;N;89.27;E;116.74
P;521;785;P: LXvKpozujZ;N;80.73;W;156.51;N;65.3;E;100.95
P;522;232;P: msFdPJVVhz;S;71.72;E;72.99;S;60.67;W;27.86
P;523;279;P: CgccikfLyC;N;14.45;W;34.78;S;11.63;W;80.33
P;524;956;P: BrvorYhxbg;N;4.91;E;178.88;N;0.23;E;76.27
P;525;716;P: Upravena;N;52.7;E;64.8;N;35.54;W;25.8
P;526;949;P: MRDTIYwiBF;S;19.42;W;163.6;S;88.5;W;163.85
P;527;97;P: ducfSLPxLt;N;47.71;W;146.66;N;50.36;W;106.83
P;528;814;P: ApQVuZhrdC;N;56.07;W;41.71;N;71.9;W;38.15
P;529;147;P: svrGJJbVxW;N;48.45;W;57.3;S;31.53;W;115.14
P;530;940;P: HXihySCBQC;N;23.74;E;140.92;S;70.92;W;150.54
P;531;410;P: agmrpYZhtG;S;68.4;W;102.7;N;21.05;E;82.66
P;532;607;P: NUaaZxlxOX;S;12.54;E;106.96;S;83.1;E;56.15
P;533;467;P: sJlrFaOaAz;N;27.6;E;129.88;N;76.51;E;111.46
P;534;617;P: jZocMjOcIX;N;78.77;E;179.25;N;44.42;E;140.96
P;535;457;P: fWbWZvWNDr;S;81.2;W;115.0;S;56.96;W;5.67
P;536;743;P: WSZDGhIvfk;N;12.98;W;91.59;N;77.06;E;81.01
P;537;619;P: KLODymbxcU;N;5.72;E;74.75;N;81.49;W;106.54
P;538;254;P: ZRtfHAyTue;N;73.92;W;0.96;S;2.64;E;79.98
P;539;468;P: HiZuGbIeVE;S;35.66;W;33.94;S;0.26;E;68.27
P;540;362;P: PfrYzIRJwr;S;74.42;W;15.45;S;15.75;W;24.12
P;541;185;P: BYjPKMqQfT;S;24.58;W;6.41;S;63.08;W;41.06
P;542;183;P: AQAOXSnuQg;S;17.62;E;179.1;N;14.78;E;137.14
P;543;802;P: fHCsrrPomU;S;54.04;W;109.53;N;20.72;E;168.23
P;544;111;P: tMoTZVggXN;S;84.55;W;135.26;N;66.33;W;162.68
P;545;493;P: BsiblDwKhJ;S;59.62;E;7.5;N;36.88;W;33.95
P;546;736;P: ugkkUcNExF;S;50.23;E;137.26;N;81.43;W;59.48
P;547;215;P: IPxxsXKnfi;S;34.26;E;72.77;N;67.21;W;0.06
P;548;736;P: nHWXYPxQHW;N;87.78;W;150.3;S;65.24;W;122.79
P;549;936;P: toLaXkOwUM;N;79.75;W;51.11;S;76.12;W;170.96
P;550;906;P: WLlAgRXIIQ;S;40.8;E;74.34;N;17.31;W;105.38
P;551;828;P: ofTZhLQIie;N;21.14;E;123.43;N;24.61;E;38.14
P;552;256;P: rvNRjvZZHx;N;53.78;E;136.71;S;40.04;E;79.65
P;553;162;P: uMIWPsCRRs;N;61.35;E;51.88;S;13.77;W;75.67
P;554;745;P: APWFFhHyar;S;14.95;E;149.82;S;50.07;E;92.5
P;555;547;P: trwyCeRHWF;N;66.14;E;55.19;N;34.34;W;178.81
P;556;159;P: NfiErkcxwD;N;39.02;E;32.05;N;79.02;W;162.71
P;557;61;P: wQmHidHuNd;N;41.79;E;54.75;N;85.53;E;174.03
P;558;715;P: KFBfAmdEJy;N;17.37;W;80.03;N;64.77;W;96.13
P;559;762;P: xSMyZQmygA;S;15.02;E;152.13;N;37.64;W;19.98
P;560;92;P: wgiEcvbVfJ;N;37.6;W;175.02;S;37.19;W;164.53
P;561;584;P: IEJKfzkJxX;N;23.34;E;116.47;S;79.31;W;101.47
P;562;572;P: dVAzoQEYWy;N;19.76;E;113.09;S;30.85;E;142.75
P;563;865;P: xDMCZsNUnu;N;8.3;W;64.09;N;30.15;E;80.45
P;564;868;P: NlchKSaUHj;S;24.2;W;145.4;S;54.78;E;166.63
P;565;123;P: aNnGWWhsos;N;67.43;E;97.45;N;2.51;E;74.01
P;566;216;P: eeuJnmscUF;S;22.58;E;66.65;N;39.64;W;91.74
P;567;327;P: ceWoCzPNyO;S;82.88;W;27.89;S;16.1;W;14.47
P;568;622;P: KziHHcwDtp;N;58.46;W;26.9;S;76.09;W;96.7
P;569;189;P: QbxqKGpxIa;S;83.88;W;8.02;N;35.84;W;111.12
P;570;396;P: EImmiSompi;N;85.74;W;99.25;S;70.52;W;110.85
P;571;398;P: StHViRtHnm;N;60.48;E;37.41;S;22.24;W;163.54
P;572;840;P: cEuZvsDiSl;N;46.03;W;49.72;N;19.79;E;55.59
P;573;901;P: vwhpcaagkH;N;51.18;W;94.6;S;88.71;W;114.39
P;574;571;P: LKEBueOhrF;S;77.61;W;133.99;N;19.43;E;91.78
P;575;880;P: qxjGumuuhQ;N;66.46;E;6.97;S;4.67;E;105.52
P;576;740;P: OcnocyQXTn;N;74.83;E;96.72;S;70.26;E;56.95
P;577;545;P: JWtPCnDTjP;N;14.09;W;98.79;S;30.99;E;63.49
P;578;290;P: QRDdXYwcRi;N;84.59;E;58.89;S;26.75;W;32.88
P;579;541;P: RQGCPsSBbY;N;71.01;E;91.39;N;48.36;E;142.39
P;580;295;P: QCRxKAfIqA;N;69.8;W;53.26;S;50.5;W;137.75
P;581;575;P: gulQdPuycU;S;29.91;E;28.8;S;46.9;E;69.48
P;582;343;P: BEkeXbEvRZ;S;30.51;E;96.76;N;68.74;E;167.06
P;583;117;P: UwhBeodCNC;N;0.64;E;58.15;N;44.86;W;38.88
P;584;502;P: mArcGpzkZm;N;35.98;W;104.1;N;40.14;E;121.04
P;585;227;P: jvGESNciSc;S;24.96;W;36.66;N;5.88;E;156.42
P;586;756;P: GXFZiZiIre;N;59.12;W;8.44;N;3.39;W;24.1
P;587;921;P: qBdZJkahZI;N;78.78;E;25.52;S;12.2;W;41.58
P;588;740;P: cVZXsjFoXa;S;73.34;E;93.96;S;21.86;E;12.42
P;589;290;P: GtlMcqgvce;S;78.54;E;56.1;S;43.38;W;41.38
P;590;565;P: UiHqOsRcsI;N;50.94;W;176.07;N;20.8;E;100.64
P;591;107;P: EscSvDBRpX;N;88.67;W;77.28;S;52.13;W;76.35
P;592;196;P: mhfvivunJx;S;1.41;E;22.44;N;23.43;W;100.5
P;593;310;P: RBofHQTDMv;S;4.98;E;30.95;S;66.88;W;61.88
P;594;601;P: DNrjDkkOcr;N;2.58;E;146.04;N;41.12;W;116.29
P;595;250;P: FnQyQobqQW;S;57.58;W;98.35;S;8.56;W;38.63
P;596;51;P: ATOQsqsefI;S;76.38;E;18.3;N;39.22;E;44.51
P;597;491;P: KtSXdnokPk;S;28.41;W;143.73;N;11.05;E;175.48
P;598;105;P: LASjJpUpeB;S;53.6;W;15.5;S;76.9;W;112.18
P;599;482;P: mIgmQjrYSr;S;20.64;E;70.57;S;63.69;E;71.0
P;600;450;P: AcArfvtDvn;N;19.54;E;172.86;N;10.8;E;61.08
P;601;332;P: EZTbIEEVED;N;38.83;E;26.07;N;0.34;E;10.21
P;602;868;P: XJSwdGdIlv;S;28.86;W;6.68;S;5.95;E;15.76
P;603;59;P: lexgpOMKop;S;28.41;W;143.73;S;4.27;W;35.51
P;604;618;P: vlikMyGUsg;N;16.18;W;3.23;N;65.27;E;57.03
P;605;166;P: lcJHfuINXe;S;74.42;E;79.03;N;84.42;E;62.9
P;606;28;P: WxbCaAHsCR;S;0.26;E;148.6;N;54.21;E;18.98
P;607;599;P: dsJLPtDMwg;N;33.49;E;73.72;N;33.07;W;20.62
P;608;317;P: WKtmLhXYbE;N;38.77;W;164.15;N;26.97;E;87.88
P;609;465;P: vAwgAUFCeb;N;42.38;E;13.87;S;38.15;W;20.22
P;610;882;P: IegBjOiZmS;S;46.46;W;175.02;S;87.32;E;130.57
P;611;431;P: NNNuYebCFm;S;63.32;W;62.25;S;1.34;W;50.43
P;612;442;P: zEWPntxPaU;S;5.7;E;148.89;S;74.96;W;121.89
P;613;5;P: coRbUmpuhN;N;75.16;E;179.41;N;31.74;E;126.19
P;614;26;P: kCRnXGTKWP;S;82.25;E;78.64;S;41.7;E;94.23
P;615;606;P: ZjUmTRsbeN;N;50.27;W;108.98;S;44.95;W;100.23
P;616;851;P: RQFkRyWvny;S;57.92;W;164.25;N;89.02;E;142.9
P;617;144;P: KQjTmuwjCa;N;38.75;E;85.7;N;21.45;E;6.87
P;618;676;P: HzDNlrTzWn;N;26.6;W;30.69;N;65.89;W;151.15
P;619;658;P: iozpXUfiyo;S;11.98;W;165.06;N;25.06;W;82.9
P;620;337;P: zYTzuDuHeq;N;85.69;W;112.18;S;83.93;E;126.29
P;621;530;P: uEDguYnIRR;S;41.46;E;85.09;N;75.84;W;135.94
P;622;555;P: QUUdFssJUW;S;22.3;E;62.32;N;85.95;E;23.02
P;623;239;P: EvzpwJqxzY;N;8.4;W;53.54;N;81.66;E;7.35
P;624;876;P: ROdBwnGGjD;S;47.11;E;65.63;N;50.42;E;149.01
P;625;137;P: psdjjLsBVE;S;59.42;W;40.77;N;45.47;E;57.72
P;626;506;P: inNjDKFlJv;S;78.55;W;100.11;S;54.94;E;72.38
P;627;433;P: evLTDWJiSv;N;87.81;W;37.25;N;2.69;W;151.71
P;628;674;P: SWfkzpaCRy;S;32.9;W;18.41;N;8.66;W;135.94
P;629;480;P: wPwvYkFYqZ;S;42.44;E;80.95;N;25.05;E;43.37
P;630;810;P: OEsUDrPxvl;N;82.02;W;153.68;N;65.24;E;90.34
P;631;468;P: HLCuqFHWhn;S;82.23;E;126.54;N;2.5;E;149.78
P;632;23;P: dljIjkJEwP;N;38.71;E;159.68;N;6.55;W;21.51
P;633;543;P: HBnwfrkEuW;S;8.69;E;68.67;S;65.7;W;67.31
P;634;461;P: clMrLzNGCb;S;52.94;E;37.37;N;21.9;W;113.9
P;635;649;P: fwhpUboRpk;N;53.22;E;106.67;S;28.92;E;63.37
P;636;788;P: ErfBUwcegx;S;18.39;W;2.61;N;2.56;E;113.82
P;637;921;P: ujDVKMAhoC;S;16.51;E;141.99;N;88.74;E;125.28
P;638;209;P: zySFJNLAXb;S;40.41;E;106.92;N;53.87;E;136.01
P;639;10;P: xdZJFJvhRn;S;61.87;E;38.65;S;23.43;E;21.76
P;640;644;P: OyDamGrMpY;S;6.86;E;163.35;S;84.2;W;168.98
P;641;859;P: IuLrQaeivm;S;64.1;E;15.06;S;25.71;E;42.58
P;642;358;P: lroLkgicNt;N;34.19;W;156.98;N;48.42;W;17.86
P;643;527;P: lnobGpvjnR;N;51.51;E;97.83;N;35.35;W;57.76
P;644;807;P: wqGmmBdbNg;N;22.85;W;174.49;N;29.29;E;36.08
P;645;886;P: ZirktoRMbA;S;30.7;W;154.68;S;30.06;W;141.14
P;646;51;P: RZvExxRegf;S;26.61;E;79.07;S;74.77;W;35.57
P;647;954;P: awRfSUIGOT;N;27.02;W;48.27;S;2.77;E;151.56
P;648;462;P: yhDbNYuSnp;N;70.46;W;117.75;S;36.99;E;68.36
P;649;195;P: ioyFZOZgUq;S;78.24;E;53.16;S;18.32;W;171.69
P;650;563;P: FFuQmIvnYy;N;35.38;W;96.56;S;11.99;E;110.36
P;651;203;P: mMyAysrrtD;N;77.5;W;47.5;N;63.78;E;90.3
P;652;897;P: vToMcKDVMB;S;19.21;E;64.9;N;70.27;E;164.07
P;653;331;P: KCMRkFYQqW;N;50.56;E;25.71;S;3.33;E;95.14
P;654;319;P: fXsOJQtBko;N;16.8;W;150.24;S;81.98;E;44.52
P;655;804;P: BUswjFLpys;S;19.61;E;77.33;N;56.72;W;87.16
P;656;238;P: TRCYnnifZg;S;47.94;E;58.88;N;40.75;W;143.15
P;657;813;P: hSaWxWAaCX;N;7.05;W;135.04;N;54.79;E;51.07
P;658;748;P: yQZolEGzvc;S;30.4;W;162.99;N;27.01;W;100.5
P;659;305;P: VcMpcODoGm;S;56.38;W;47.06;S;67.52;E;159.28
P;660;231;P: yuKRITNmiL;S;7.25;W;154.91;S;3.52;E;137.98
P;661;495;P: bMTmKXQWln;S;34.28;E;77.17;S;72.02;E;120.59
P;662;415;P: zaqNcKXFBp;S;8.03;E;75.85;S;49.27;E;118.78
P;663;948;P: DgxBzIbltk;N;47.42;E;119.24;S;88.35;W;48.27
P;664;590;P: ZMHvxxlfZR;N;15.99;W;118.8;S;55.05;E;15.95
P;665;149;P: IkpeUmZBSS;S;81.73;E;166.11;S;87.5;W;71.51
P;666;112;P: bpNbSMtPAO;S;57.69;E;43.27;S;36.35;E;123.22
P;667;611;P: swnXixNOMN;N;48.45;W;57.3;N;43.41;W;85.73
P;668;313;P: XcXzQGoXZg;N;46.38;E;111.7;S;16.82;E;164.98
P;669;512;P: pKjWnidNmR;N;52.9;W;78.01;S;87.64;W;49.32
P;670;529;P: xHVRQVqFPV;N;53.7;W;91.31;S;19.82;W;135.69
P;671;956;P: uEmibJaICU;N;63.13;W;41.71;S;87.81;W;6.09
P;672;481;P: uGqwYHmDbp;N;54.45;E;131.71;S;63.11;W;158.36
P;673;868;P: tsxUrUxSza;N;52.73;W;113.5;N;70.52;W;151.1
P;674;816;P: NCrpOHVOxT;S;70.85;E;85.47;S;87.47;W;18.52
P;675;642;P: MlNhfSNJFK;N;13.19;W;4.35;N;1.85;E;147.93
P;676;13;P: yTgKOeHDmC;S;31.57;W;176.55;S;8.33;W;178.33
P;677;809;P: pOZMcFTRyk;N;74.65;E;136.75;N;74.5;W;87.36
P;678;932;P: CRJbNLWhPW;N;46.25;E;122.74;S;3.09;E;15.8
P;679;513;P: TIpPhHkIEl;S;39.64;W;54.09;S;28.41;E;152.06
P;680;927;P: VjxTTIHSWP;N;1.49;W;148.36;N;65.01;W;148.18
P;681;978;P: ldNFlwqLok;S;61.28;W;19.33;S;83.84;E;36.43
P;682;449;P: UbQllktMEL;S;55.68;E;35.19;N;10.84;E;162.87
P;683;970;P: GHzRnsbByY;S;83.28;E;45.57;S;51.63;W;129.98
P;684;565;P: iJAWjuXukY;S;63.1;W;4.92;S;7.24;W;142.34
P;685;920;P: biWfKHHwVD;S;77.05;E;157.48;N;61.88;W;111.82
P;686;48;P: fiPGXjtYyR;S;66.8;W;19.8;S;3.99;W;131.31
P;687;732;P: DcxosVdsjQ;N;82.12;W;75.05;S;55.64;E;61.62
P;688;177;P: aSTLBAJYux;N;72.87;W;176.45;S;89.74;W;133.43
P;689;155;P: hZGfTxwmXN;N;5.99;W;99.93;S;38.36;E;89.63
P;690;468;P: QbgEedoKaX;N;68.52;E;86.54;S;84.72;W;122.73
P;691;161;P: QOdMlDYiZy;S;18.73;W;158.37;S;71.17;E;14.83
P;692;262;P: dSkAnwLCIi;N;30.99;E;163.25;S;55.2;W;70.68
P;693;165;P: dIFifdXzyH;S;2.44;E;89.84;S;27.99;E;110.73
P;694;999;P: TOxjWswsDR;N;45.44;W;46.86;N;16.47;W;47.72
P;695;784;P: CjAzOPmlhQ;N;3.75;E;173.6;S;34.67;W;165.01
P;696;165;P: HNekzXbXgF;S;11.81;W;3.46;S;42.93;W;81.76
P;697;89;P: wzeZIFcgWF;S;5.27;W;95.07;N;33.97;E;168.53
P;698;137;P: DsedJfdExm;S;5.87;W;144.41;N;5.62;E;124.71
P;699;987;P: SlVGtuGVkV;S;24.22;W;166.08;N;72.25;E;22.94
P;700;883;P: joJPskDSqD;N;85.74;E;139.26;N;51.46;W;179.73
P;701;657;P: YFmnGeJGaU;N;64.33;W;75.24;N;4.91;W;44.28
P;702;935;P: mVsgGIccCr;N;22.57;E;159.57;S;79.48;W;20.28
P;703;595;P: iBpgFtIGBW;S;67.5;E;106.7;N;28.31;W;91.49
P;704;970;P: JogiyRYtKV;N;13.68;W;111.29;S;71.68;W;53.18
P;705;856;P: kCNUiWnVZf;N;29.87;E;101.44;S;77.54;E;59.21
P;706;935;P: YnDpnfcTSR;S;37.04;W;49.33;S;14.17;E;154.81
P;707;899;P: dTzmCUvrDs;N;58.32;E;41.99;S;44.05;E;179.72
P;708;105;P: CTFmqTUPKP;N;82.18;W;24.85;S;55.89;E;62.57
P;709;150;P: fSYnARkuER;N;46.38;E;111.7;N;84.47;E;9.6
P;710;191;P: mvlLMKArcR;N;60.56;E;85.59;N;26.01;W;41.45
P;711;454;P: dBePeYAeAr;N;58.51;W;126.23;N;79.98;E;99.65
P;712;625;P: WptmobkZOx;S;45.83;E;79.47;S;50.36;W;105.78
P;713;896;P: JcfihNYBmB;N;38.0;E;96.96;S;52.74;W;165.04
P;714;977;P: vZTUxaGDRW;N;78.2;W;75.15;S;76.01;W;109.86
P;715;583;P: wzarpRJLpy;S;55.76;W;26.41;S;27.72;W;8.05
P;716;365;P: MxxZIMcuXG;N;27.36;E;3.4;N;38.22;W;71.8
P;717;660;P: WLBIbQXFuo;S;62.98;E;103.45;N;13.52;E;160.07
P;718;384;P: NYZATcjPnc;S;19.76;E;17.41;S;11.15;E;13.63
P;719;903;P: QfNsbLfWEB;S;37.42;E;149.03;N;81.49;W;7.56
P;720;863;P: XLphmNzKsl;S;21.03;E;78.35;S;16.52;E;63.72
P;721;1000;P: JhdRkCAdNH;N;48.21;W;166.3;N;19.59;W;154.09
P;722;401;P: AmZPMcXEbZ;S;26.55;W;128.32;N;83.26;E;148.15
P;723;373;P: bsKMivjkoI;N;82.26;W;16.52;S;43.35;E;9.43
P;724;230;P: eiSjHgaaDt;N;72.34;W;148.31;S;55.97;E;174.21
P;725;931;P: agaZDvEdjX;S;82.14;W;148.23;S;89.9;W;79.88
P;726;179;P: xesJdCZSuc;N;66.39;E;26.23;N;2.79;E;27.35
P;727;797;P: GEIvdFpTLN;N;12.92;E;170.57;N;0.29;W;42.96
P;728;857;P: DyvqILJCMW;S;50.99;W;78.64;N;23.51;W;63.99
P;729;831;P: TjyNUKjsKv;S;43.88;E;7.56;N;5.83;E;2.36
P;730;882;P: RHIlUmlcup;N;19.54;E;172.86;S;65.35;E;95.22
P;731;492;P: xyNcpnlLgs;S;69.6;W;97.55;N;19.52;E;177.83
P;732;363;P: iLNjzABxAB;N;52.12;E;48.53;S;35.66;E;25.66
P;733;142;P: sWmtlxZfsZ;N;70.91;W;127.89;N;85.31;E;90.28
P;734;957;P: uuEsxZSjXv;S;87.58;E;73.96;N;19.85;E;140.2
P;735;345;P: PdXzIqevnp;N;85.19;W;172.38;N;28.12;W;59.01
P;736;945;P: PJHxllvVRl;N;38.13;W;106.61;S;76.3;W;33.14
P;737;8;P: BnFEWJTmMr;N;6.64;W;61.92;N;79.94;W;124.81
P;738;766;P: YJoSTwiJgt;N;80.76;W;47.6;N;30.48;W;44.72
P;739;763;P: cxaCwIyVoo;N;21.03;E;86.86;S;33.21;E;86.55
P;740;181;P: nHGTrFGxqd;S;52.04;E;150.79;S;51.76;E;76.56
P;741;121;P: BmAwwGfxiO;S;29.79;W;58.22;S;71.75;W;162.8
P;742;255;P: COuDGTTtou;S;65.67;W;123.98;S;35.6;E;124.91
P;743;921;P: LROzKJFfHe;N;7.85;E;173.55;S;89.27;W;153.21
P;744;737;P: ooLZNHALfg;N;27.0;W;75.47;S;70.24;E;12.94
P;745;918;P: VuBfgnVevs;S;13.68;E;56.87;N;26.52;W;102.4
P;746;817;P: CVLIBxxFYU;S;5.96;E;152.29;N;66.01;E;134.84
P;747;728;P: tstxNRUZRO;N;38.34;W;12.54;N;59.01;E;136.19
P;748;674;P: okyXucdtaW;N;1.74;E;95.22;S;68.24;W;31.26
P;749;721;P: XbvRAYrNQv;N;86.32;W;97.75;S;24.95;W;7.41
N;750;406;N: yIwltfEiHB;N;59.33;W;3.04;N;7.05;E;4.11
N;751;28;N: AfJwfrPqil;N;10.62;W;35.2;S;70.77;W;102.46
N;752;529;N: zTeWmtlyRx;S;58.5;W;12.15;N;10.13;W;178.88
N;753;533;N: pnveCiccYt;S;0.34;E;14.16;S;17.58;E;42.69
N;754;345;N: wScZXQdfvz;S;43.12;E;81.47;N;25.53;E;150.43
N;755;527;N: XZferxFFUE;S;34.75;W;80.82;N;33.64;W;147.86
N;756;929;N: XTAAofYanE;N;69.53;W;115.91;N;37.48;W;116.75
N;757;6;N: qnoNTjjmoa;S;62.9;W;111.6;S;32.41;W;14.93
N;758;918;N: JRoJKRboeX;N;12.92;E;102.84;S;55.32;W;4.97
N;759;481;N: eTvHczZaLp;N;15.79;E;8.76;N;14.42;W;120.29
N;760;911;N: laFQirGwqC;N;55.28;W;38.75;S;24.6;E;78.33
N;761;213;N: YZMJlDrGLo;N;54.09;E;30.01;S;88.28;W;145.17
N;762;516;N: gzoNzHGKZT;S;67.15;W;94.56;N;17.66;W;81.05
N;763;675;N: aAwdDXOLJi;S;21.27;W;167.34;S;73.28;E;150.37
N;764;994;N: dFmQNPyaac;S;7.44;W;64.08;N;65.44;W;75.5
N;765;669;N: DkiYJJyBEa;S;4.86;E;31.16;S;49.1;E;63.4
N;766;920;N: FUnUSXpCTI;N;56.29;W;15.57;N;59.63;E;24.07
N;767;407;N: xOxUvrWsfY;N;39.76;W;178.13;N;13.82;W;39.22
N;768;895;N: bYdXkDPxHA;N;24.8;E;17.58;S;24.16;W;30.31
N;769;67;N: ZiJkRoIyKW;N;14.76;E;42.91;N;68.63;W;50.82
N;770;397;N: pjoHqJfLbK;N;79.54;W;55.83;N;27.07;E;44.25
N;771;258;N: VyFjxybyCI;S;58.19;W;27.67;N;65.41;W;170.02
N;772;971;N: AEvbJLAVkB;S;10.42;E;22.62;N;30.24;W;23.73
N;773;89;N: ctypjVTgxf;N;86.92;W;15.66;S;52.24;E;163.22
N;774;314;N: LSNqzVGaUf;S;24.38;W;90.53;S;81.93;W;160.09
N;775;245;N: AAypnuDUUW;N;63.65;W;96.23;S;23.31;E;0.0
N;776;899;N: FzIzkgihWo;N;70.67;W;100.97;N;73.72;W;19.68
N;777;381;N: QgAAbNbaAU;N;77.14;W;38.39;N;3.61;W;156.14
N;778;338;N: esfJAtNWcg;S;60.04;W;132.23;S;12.82;W;73.73
N;779;948;N: hprrmIRPmg;S;82.88;E;69.96;S;48.46;E;134.71
N;780;410;N: QOVJBxmJdH;S;30.75;W;127.18;S;64.96;W;161.07
N;781;391;N: AuIzQcKfal;N;42.27;W;22.92;S;58.15;W;72.11
N;782;369;N: WeEGxiUidN;N;16.82;E;91.46;N;60.64;E;150.92
N;783;585;N: auuNIIOESs;S;55.57;E;154.65;S;84.91;E;84.51
N;784;194;N: eZSXeDVUeu;N;61.15;W;164.33;N;70.14;W;48.19
N;785;7;N: ujNqhtNBWy;S;62.33;E;95.84;S;16.62;W;147.11
N;786;457;N: DCxYnGtXRB;N;21.75;E;66.29;N;13.68;W;16.42
N;787;513;N: EheiTSrspN;N;16.14;E;143.39;S;14.58;W;22.56
N;788;283;N: wolhpiojhm;S;83.75;E;43.33;N;89.72;W;96.69
N;789;407;N: enOJpcrQJI;S;13.49;E;13.19;N;54.33;E;94.85
N;790;237;N: JPjKnMBySs;N;7.63;W;93.94;S;18.54;W;160.43
N;791;478;N: ocvSueYYJM;N;51.01;W;162.6;N;65.7;E;158.41
N;792;806;N: ypZDoyPwuR;S;76.9;E;35.85;S;36.8;W;127.39
N;793;458;N: ucWoJmjYka;N;80.85;E;141.94;S;20.49;E;42.45
N;794;72;N: aogFndAKci;N;36.19;E;46.06;N;56.41;W;80.64
N;795;77;N: FEIpvAbALC;S;3.05;E;104.89;S;17.19;E;106.96
N;796;321;N: iBnAJvWpPD;N;69.4;E;126.05;S;52.2;W;114.53
N;797;472;N: trhlXLzGQF;S;50.65;W;150.63;S;10.32;E;85.17
N;798;973;N: uTAGGOELId;S;0.4;E;23.55;N;19.71;W;92.1
N;799;835;N: pQYDetwyDj;N;35.16;E;31.52;S;42.77;E;27.05
N;800;50;N: RoFBCWoXpT;S;86.74;E;4.54;S;41.53;E;119.43
N;801;347;N: WeDOWCGYNz;N;38.65;W;60.24;N;2.97;E;119.08
N;802;322;N: wyOVUNpvkS;N;12.58;E;111.72;N;89.67;E;41.14
N;803;99;N: ovxqCIDcHI;S;23.81;W;137.69;S;44.96;E;79.54
N;804;937;N: CcKakBrZUc;S;41.88;E;100.32;N;16.33;W;88.06
N;805;412;N: PxekWctqGm;S;25.9;E;173.41;S;47.54;E;74.75
N;806;232;N: oMSfAEDfqa;N;27.7;W;10.81;N;72.99;W;76.82
N;807;438;N: rDdDjYTJyp;S;13.12;W;58.8;N;15.36;E;8.38
N;808;7;N: UMVWvSgOfM;S;51.53;W;178.4;N;21.02;E;69.24
N;809;711;N: axwMAcNSte;N;7.88;W;87.81;S;4.56;E;74.5
N;810;704;N: cUHvILDhvY;N;41.13;E;10.09;N;37.07;W;61.37
N;811;697;N: NYQLUATFSP;S;21.87;W;144.01;S;12.18;W;57.92
N;812;753;N: meYxEHKVYg;N;71.38;E;105.44;N;47.03;E;27.97
N;813;284;N: UjnuSmVJqj;N;64.01;W;63.89;N;15.47;E;149.66
N;814;349;N: yUovpaWsiG;N;28.23;W;86.54;S;20.33;E;137.76
N;815;225;N: ZnMqDTnUcp;S;68.45;W;86.52;N;15.78;E;10.32
N;816;529;N: GFvrABgfoM;N;23.87;E;99.26;N;49.64;W;50.38
N;817;744;N: BjuQoUgGDm;S;89.32;E;47.56;S;4.28;W;100.5
N;818;576;N: aOVpKDEltq;N;36.51;W;68.49;N;30.94;W;42.9
N;819;959;N: veWujSPyUR;S;11.81;W;44.42;N;7.56;E;107.3
N;820;432;N: SiuCKaAzmU;S;16.13;E;12.72;S;12.53;E;123.14
N;821;857;N: DdrdVmramJ;S;77.43;W;76.03;N;44.57;W;96.83
N;822;97;N: SkFXeLwlYR;S;63.55;E;58.8;S;44.67;E;87.86
N;823;699;N: DMsarkDZxH;S;78.0;W;14.06;N;43.64;E;66.99
N;824;115;N: fdrWmZFNmn;N;78.0;E;74.72;N;7.59;E;64.58
N;825;494;N: oFXtfxRRsl;N;56.04;E;153.3;S;18.21;W;49.43
N;826;739;N: KSdMyEzLLQ;N;3.61;E;38.05;S;24.03;E;177.84
N;827;606;N: vIsuiZybKk;S;44.74;E;95.83;S;1.53;W;59.91
N;828;180;N: LHkLsKoVeQ;S;9.91;E;36.46;N;39.38;E;24.11
N;829;261;N: rmpcojvzDV;N;9.0;W;0.59;S;55.53;W;51.6
N;830;845;N: yAGavwsBUk;N;29.63;W;85.86;S;62.79;E;106.17
N;831;864;N: JtZlMslXXJ;S;28.46;E;72.86;S;36.32;E;86.41
N;832;798;N: GwUnVJoHJe;N;19.82;E;90.48;S;54.54;W;64.51
N;833;497;N: EdYrVrksZY;S;43.76;E;25.82;S;69.12;E;93.41
N;834;361;N: GcWDhWHlWW;S;45.93;E;64.65;N;52.75;W;36.96
N;835;251;N: jNWZVRfjUD;N;32.71;E;75.64;N;28.94;W;18.33
N;836;780;N: YevdKQakkb;S;70.26;E;95.15;N;14.46;E;83.87
N;837;565;N: XRCgWmpyrp;N;11.85;W;162.7;N;60.99;W;23.32
N;838;349;N: scPgSRPZRF;N;83.35;E;134.17;S;83.37;W;155.21
N;839;83;N: yDPyWecsnt;N;2.02;W;54.06;N;0.47;E;106.39
N;840;261;N: crLNuQqybE;S;8.81;W;169.1;N;54.31;W;105.23
N;841;246;N: JqyCDKEcXp;N;23.06;E;163.02;N;74.16;E;137.7
N;842;63;N: rcGRQkfjLA;S;25.39;E;127.2;N;83.08;E;170.09
N;843;909;N: sJTjmLJSHq;S;64.64;W;24.17;N;34.11;W;93.66
N;844;669;N: VLfHVRiJXH;N;57.42;E;17.6;S;34.76;E;64.9
N;845;239;N: YZaatcnIIl;N;68.39;W;83.75;S;26.36;W;33.01
N;846;41;N: iIxJyDOLrm;N;6.34;E;124.57;N;59.25;W;43.82
N;847;611;N: HNQeGnNeVb;N;28.98;W;114.44;S;65.86;W;7.65
N;848;753;N: zqjXEYfucl;S;36.76;E;119.07;S;85.56;E;97.28
N;849;965;N: eCXEIIefpF;S;89.35;E;132.19;S;24.72;E;140.56
P;850;646;P: qVnefVCOWj;S;84.71;E;100.2;S;60.01;E;109.08
P;851;286;P: JofUMRSVPn;N;54.31;W;105.23;S;64.14;W;146.62
P;852;119;P: DlcsxXkaAB;S;49.1;E;63.4;S;73.25;W;9.15
P;853;117;P: XyCuUOQGcj;N;39.76;W;178.13;S;76.06;W;52.43
P;854;167;P: NmJGKBCDGG;S;54.54;W;64.51;N;24.97;E;112.62
P;855;913;P: honVBQEPZr;S;25.9;E;173.41;N;29.01;E;2.64
P;856;768;P: ICxrKVcHmd;S;23.91;E;8.04;N;10.73;E;48.74
P;857;871;P: TLJpFMUrAf;S;49.06;W;179.38;S;51.78;W;85.6
P;858;553;P: fROLxyqrDb;S;51.53;W;178.4;N;46.33;W;105.25
P;859;622;P: XLOCsOnEsN;N;13.68;W;16.42;N;66.59;E;161.85
P;860;800;P: ZgGwssMwyY;N;34.11;W;93.66;N;46.05;W;164.05
P;861;184;P: EhkoArnrUo;S;55.32;W;4.97;N;77.44;E;4.92
P;862;28;P: eOiwrEXqVH;N;43.64;E;66.99;S;32.14;W;48.21
P;863;194;P: IoBzTjlCJZ;N;51.01;W;162.6;N;60.33;W;33.58
P;864;386;P: AixAeYdLIa;N;15.78;E;10.32;N;88.27;E;84.55
P;865;788;P: GzWBWJDIKy;S;34.75;W;80.82;N;27.65;E;133.8
P;866;427;P: HNCgBVfIPQ;S;49.1;E;63.4;S;39.33;E;177.34
P;867;131;P: weSiaPZEZP;N;30.94;W;42.9;N;62.37;E;56.71
P;868;246;P: FufrIgTnUw;S;58.19;W;27.67;S;59.5;E;92.49
P;869;492;P: PCHuAutquS;N;7.88;W;87.81;S;2.35;W;54.47
P;870;718;P: ymsYkiEUFd;S;55.53;W;51.6;N;18.34;E;137.16
P;871;846;P: zgtiVsIBHk;N;60.99;W;23.32;N;26.94;E;101.07
P;872;119;P: zLaubePTgm;N;3.61;E;38.05;N;35.65;W;172.89
P;873;692;P: nKBwpfEPnh;N;3.61;E;38.05;N;71.54;E;144.13
P;874;751;P: jbDHhmOAeD;S;50.65;W;150.63;N;65.47;E;165.77
P;875;913;P: qHrJOsbBOS;N;54.09;E;30.01;N;77.68;W;98.78
P;876;931;P: yklmKTKhhH;S;58.19;W;27.67;N;42.84;W;158.52
P;877;243;P: JARsLfOeqT;S;78.0;W;14.06;N;84.99;W;100.59
P;878;260;P: TJSFGRoNVh;N;35.16;E;31.52;N;46.51;E;41.76
P;879;346;P: MpXdgGjCQI;S;24.6;E;78.33;S;48.42;W;18.56
P;880;517;P: LqYicEfrTr;N;89.37;E;136.04;N;9.95;E;114.76
P;881;55;P: jHHHGXltes;S;76.9;E;35.85;N;70.87;W;63.13
P;882;966;P: kApmYHLVao;N;68.63;W;50.82;S;36.19;E;50.59
P;883;147;P: ZLPhzkOksR;N;0.36;W;21.84;N;49.75;E;92.91
P;884;32;P: xeygnhUWvr;S;58.5;W;12.15;N;15.38;W;61.19
P;885;293;P: uZDoBEawij;N;60.17;W;168.11;S;76.4;W;70.66
P;886;287;P: ghtCmlzSAc;N;52.33;W;49.98;S;27.54;E;115.82
P;887;220;P: OAoGRuzOjg;N;59.33;W;3.04;N;16.17;E;166.07
P;888;992;P: GtusinMBgQ;S;55.57;E;154.65;N;85.43;E;173.43
P;889;420;P: DoAamrIZRW;S;44.74;E;95.83;S;37.43;W;93.43
P;890;789;P: cLNFogdgeW;N;33.64;W;147.86;S;51.58;E;169.51
P;891;37;P: bGcXPwsuMB;S;20.49;E;42.45;N;1.82;E;147.57
P;892;268;P: wmUTZaKPGd;N;7.89;E;105.22;S;35.79;W;16.02
P;893;485;P: kcwzMIqKnv;N;52.75;W;36.96;N;82.87;W;85.16
P;894;657;P: VeLkQUlSwg;N;21.42;E;70.32;N;64.31;E;60.21
P;895;342;P: GUjvJmZyMo;S;20.49;E;42.45;S;53.08;E;23.74
P;896;617;P: bAuTauyIHA;N;12.58;E;111.72;S;5.58;E;122.9
P;897;701;P: wZKOCQySuM;S;54.34;E;33.66;N;65.38;W;137.77
P;898;913;P: UiOuEkVBME;S;44.74;E;95.83;N;46.61;E;53.79
P;899;580;P: ozdMMAeNIl;S;24.03;E;177.84;N;13.09;W;172.98
